,ori_income_high_per,ori_income_high,ori_income_low_per,ori_income_low,tract_id,ori_income_high_per_20,ori_income_high_20,ori_income_low_per_20,ori_income_low_20,ori_income_high_per_21,ori_income_high_21,ori_income_low_per_21,ori_income_low_21
0,0.8315789473684211,79,0.16842105263157894,16,36005004001,0.6494845360824743,63,0.35051546391752575,34,0.7714285714285715,27,0.22857142857142856,8
1,0.8095238095238095,51,0.19047619047619047,12,36005006100,0.5555555555555556,20,0.4444444444444444,16,0.6,12,0.4,8
2,0.75,12,0.25,4,36005008300,1.0,24,0.0,0,0.813953488372093,35,0.18604651162790697,8
3,0.7368421052631579,28,0.2631578947368421,10,36005021502,0.5333333333333333,16,0.4666666666666667,14,0.5,4,0.5,4
4,0.8390804597701149,146,0.16091954022988506,28,36005022500,0.776,97,0.224,28,0.9230769230769231,48,0.07692307692307693,4
5,0.688,344,0.312,156,36005028300,0.5948051948051948,229,0.4051948051948052,156,0.6455026455026455,122,0.3544973544973545,67
6,0.5855855855855856,65,0.4144144144144144,46,36005030000,0.3055555555555556,22,0.6944444444444444,50,0.8,52,0.2,13
7,0.8431372549019608,129,0.1568627450980392,24,36005038301,0.8961038961038961,69,0.1038961038961039,8,0.7894736842105263,45,0.21052631578947367,12
8,0.6531986531986532,388,0.3468013468013468,206,36005040900,0.6347305389221557,212,0.3652694610778443,122,0.7575757575757576,25,0.24242424242424243,8
9,0.6021052631578947,286,0.39789473684210525,189,36047001100,0.5421245421245421,148,0.45787545787545786,125,0.3711340206185567,36,0.6288659793814433,61
10,0.5724815724815725,699,0.4275184275184275,522,36047001300,0.5992268041237113,465,0.4007731958762887,311,0.5581395348837209,120,0.4418604651162791,95
11,0.5384615384615384,14,0.46153846153846156,12,36047002100,0.5384615384615384,14,0.46153846153846156,12,1.0,8,0.0,0
12,0.5086206896551724,59,0.49137931034482757,57,36047006900,0.6896551724137931,100,0.3103448275862069,45,0.18181818181818182,4,0.8181818181818182,18
13,0.35294117647058826,18,0.6470588235294118,33,36047011400,0.5714285714285714,16,0.42857142857142855,12,0.25,4,0.75,12
14,0.625,20,0.375,12,36047016200,0.5,12,0.5,12,0.0,0,1.0,4
15,0.3333333333333333,6,0.6666666666666666,12,36047021300,1.0,4,0.0,0,1.0,8,0.0,0
16,0.47368421052631576,54,0.5263157894736842,60,36047024100,0.6222222222222222,28,0.37777777777777777,17,0.75,24,0.25,8
17,0.2711864406779661,16,0.7288135593220338,43,36047025000,0.3125,20,0.6875,44,0.18181818181818182,8,0.8181818181818182,36
18,0.875,56,0.125,8,36047030500,0.5853658536585366,24,0.4146341463414634,17,1.0,6,0.0,0
19,0.5370370370370371,29,0.46296296296296297,25,36047034300,0.6,36,0.4,24,1.0,8,0.0,0
20,0.8554216867469879,71,0.14457831325301204,12,36047035200,0.719626168224299,77,0.2803738317757009,30,0.6692307692307692,87,0.33076923076923076,43
21,0.6105263157894737,58,0.3894736842105263,37,36047036501,0.6666666666666666,32,0.3333333333333333,16,1.0,4,0.0,0
22,0.5789473684210527,55,0.42105263157894735,40,36047037402,0.4,40,0.6,60,0.4,8,0.6,12
23,0.0,0,1.0,9,36047048500,0.25,4,0.75,12,1.0,4,0.0,0
24,0.6804733727810651,115,0.31952662721893493,54,36047051200,0.6862745098039216,70,0.3137254901960784,32,0.574468085106383,54,0.425531914893617,40
25,0.6595744680851063,31,0.3404255319148936,16,36047052300,0.6989247311827957,65,0.3010752688172043,28,0.43243243243243246,16,0.5675675675675675,21
26,0.16666666666666666,24,0.8333333333333334,120,36047056200,0.0,0,1.0,72,0.2641509433962264,28,0.7358490566037735,78
27,0.2857142857142857,12,0.7142857142857143,30,36047118000,0.0,0,1.0,20,0.75,12,0.25,4
28,0.6016949152542372,71,0.3983050847457627,47,36061000201,0.68561872909699,205,0.31438127090301005,94,0.5348837209302325,69,0.46511627906976744,60
29,0.7435897435897436,58,0.2564102564102564,20,36061000202,0.5333333333333333,32,0.4666666666666667,28,0.8181818181818182,18,0.18181818181818182,4
30,0.3116883116883117,24,0.6883116883116883,53,36061000500,0.6176470588235294,21,0.38235294117647056,13,1.0,4,0.0,0
31,0.7165354330708661,91,0.28346456692913385,36,36061000600,0.7340425531914894,69,0.26595744680851063,25,0.8974358974358975,35,0.10256410256410256,4
32,0.6965065502183406,319,0.3034934497816594,139,36061000800,0.7906976744186046,340,0.20930232558139536,90,0.7192429022082019,228,0.2807570977917981,89
33,0.6365906962222916,2039,0.3634093037777084,1164,36061000900,0.684393063583815,1184,0.315606936416185,546,0.5619546247818499,322,0.43804537521815007,251
34,0.3333333333333333,4,0.6666666666666666,8,36061001001,0.0,0,1.0,8,0.0,0,1.0,4
35,0.7252747252747253,198,0.27472527472527475,75,36061001002,0.6369426751592356,100,0.3630573248407643,57,0.5949367088607594,47,0.4050632911392405,32
36,0.6,12,0.4,8,36061001200,0.7647058823529411,13,0.23529411764705882,4,1.0,8,0.0,0
37,0.6268844221105527,998,0.3731155778894472,594,36061001300,0.6567796610169492,620,0.3432203389830508,324,0.6842923794712286,440,0.3157076205287714,203
38,0.6666666666666666,8,0.3333333333333333,4,36061001401,0.3333333333333333,4,0.6666666666666666,8,1.0,12,0.0,0
39,0.6771523178807947,818,0.3228476821192053,390,36061001402,0.7027027027027027,520,0.2972972972972973,220,0.6824146981627297,260,0.31758530183727035,121
40,0.7406819984139572,934,0.25931800158604285,327,36061001501,0.663961038961039,409,0.336038961038961,207,0.7805755395683454,217,0.21942446043165467,61
41,0.5,4,0.5,4,36061001502,0.75,12,0.25,4,1.0,4,0.0,0
42,0.6546644844517185,400,0.3453355155482815,211,36061001600,0.6768867924528302,287,0.3231132075471698,137,0.7125,171,0.2875,69
43,0.7757352941176471,211,0.22426470588235295,61,36061001800,0.6428571428571429,144,0.35714285714285715,80,0.6086956521739131,56,0.391304347826087,36
44,0.8202247191011236,73,0.1797752808988764,16,36061002000,0.8867924528301887,47,0.11320754716981132,6,0.6923076923076923,9,0.3076923076923077,4
45,0.7441860465116279,96,0.2558139534883721,33,36061002100,0.7777777777777778,28,0.2222222222222222,8,0.8,16,0.2,4
46,0.7921146953405018,442,0.2078853046594982,116,36061002201,0.7409638554216867,246,0.25903614457831325,86,0.7257142857142858,127,0.2742857142857143,48
47,0.6875,44,0.3125,20,36061002500,0.7857142857142857,44,0.21428571428571427,12,1.0,12,0.0,0
48,0.6538461538461539,68,0.34615384615384615,36,36061002601,0.7272727272727273,32,0.2727272727272727,12,1.0,4,0.0,0
49,0.8918918918918919,99,0.10810810810810811,12,36061002800,0.9279279279279279,103,0.07207207207207207,8,0.8235294117647058,56,0.17647058823529413,12
50,0.5474040632054176,485,0.4525959367945824,401,36061002900,0.6150943396226415,326,0.3849056603773585,204,0.5,110,0.5,110
51,0.5555555555555556,60,0.4444444444444444,48,36061003001,0.6296296296296297,34,0.37037037037037035,20,1.0,8,0.0,0
52,0.4392523364485981,47,0.5607476635514018,60,36061003100,0.28378378378378377,21,0.7162162162162162,53,0.8,16,0.2,4
53,0.7602339181286549,260,0.23976608187134502,82,36061003200,0.7048611111111112,203,0.2951388888888889,85,0.7677419354838709,119,0.23225806451612904,36
54,0.6141885325558795,632,0.3858114674441205,397,36061003300,0.5528846153846154,460,0.44711538461538464,372,0.6772334293948127,235,0.3227665706051873,112
55,0.7551240560949298,700,0.24487594390507011,227,36061003400,0.7158590308370044,325,0.2841409691629956,129,0.7456445993031359,214,0.25435540069686413,73
56,0.6261510128913443,340,0.3738489871086556,203,36061003601,0.6376811594202898,176,0.36231884057971014,100,0.7197452229299363,113,0.2802547770700637,44
57,0.5895953757225434,510,0.41040462427745666,355,36061003700,0.6004901960784313,245,0.39950980392156865,163,0.5921052631578947,180,0.40789473684210525,124
58,0.6993006993006993,300,0.3006993006993007,129,36061003800,0.7508650519031141,217,0.2491349480968858,72,0.6561085972850679,145,0.3438914027149321,76
59,0.6350210970464135,903,0.3649789029535865,519,36061003900,0.6040868454661558,473,0.3959131545338442,310,0.6683168316831684,135,0.3316831683168317,67
60,1.0,7,0.0,0,36061004000,1.0,8,0.0,0,0.0,0,1.0,8
61,0.6549707602339181,448,0.34502923976608185,236,36061004100,0.6,192,0.4,128,0.7137254901960784,182,0.28627450980392155,73
62,0.8571428571428571,24,0.14285714285714285,4,36061004200,0.0,0,1.0,4,1.0,4,0.0,0
63,0.7128226136829169,1740,0.28717738631708317,701,36061004800,0.7227138643067846,980,0.27728613569321536,376,0.6,492,0.4,328
64,0.6745886654478976,369,0.32541133455210236,178,36061005000,0.682261208576998,350,0.31773879142300193,163,0.683982683982684,158,0.31601731601731603,73
65,0.7408585055643879,466,0.2591414944356121,163,36061005200,0.7094017094017094,249,0.2905982905982906,102,0.6390977443609023,170,0.3609022556390977,96
66,0.7079910380881255,948,0.29200896191187453,391,36061005400,0.6758893280632411,513,0.3241106719367589,246,0.725,522,0.275,198
67,0.0,0,1.0,16,36061005600,0.8333333333333334,20,0.16666666666666666,4,1.0,8,0.0,0
68,0.5470085470085471,64,0.452991452991453,53,36061005700,0.45454545454545453,20,0.5454545454545454,24,0.75,36,0.25,12
69,0.7303889255108768,1108,0.26961107448912325,409,36061005800,0.6691410392364793,631,0.33085896076352067,312,0.7602427921092565,501,0.23975720789074356,158
70,0.7088607594936709,112,0.2911392405063291,46,36061006100,0.7894736842105263,75,0.21052631578947367,20,0.7894736842105263,45,0.21052631578947367,12
71,0.6796536796536796,314,0.3203463203463203,148,36061006200,0.5627240143369175,157,0.43727598566308246,122,0.797979797979798,79,0.20202020202020202,20
72,0.726814939152329,1732,0.273185060847671,651,36061006300,0.7087912087912088,903,0.29120879120879123,371,0.7099697885196374,470,0.29003021148036257,192
73,0.808446455505279,536,0.19155354449472098,127,36061006400,0.7903645833333334,607,0.20963541666666666,161,0.7284768211920529,220,0.271523178807947,82
74,0.7989949748743719,159,0.20100502512562815,40,36061006500,0.6041666666666666,58,0.3958333333333333,38,0.5,4,0.5,4
75,0.8947368421052632,68,0.10526315789473684,8,36061006600,0.5882352941176471,40,0.4117647058823529,28,0.47058823529411764,8,0.5294117647058824,9
76,0.7419354838709677,414,0.25806451612903225,144,36061006700,0.6070381231671554,207,0.39296187683284456,134,0.7197452229299363,113,0.2802547770700637,44
77,0.6480541455160744,383,0.35194585448392557,208,36061006800,0.6666666666666666,308,0.3333333333333333,154,0.6266666666666667,94,0.37333333333333335,56
78,0.673469387755102,33,0.32653061224489793,16,36061006900,0.6,12,0.4,8,1.0,4,0.0,0
79,0.5813008130081301,1859,0.4186991869918699,1339,36061007000,0.6114942528735632,266,0.38850574712643676,169,0.6862745098039216,140,0.3137254901960784,64
80,0.7174721189591078,193,0.2825278810408922,76,36061007100,0.5724137931034483,83,0.42758620689655175,62,0.7037037037037037,57,0.2962962962962963,24
81,0.734966592427617,330,0.2650334075723831,119,36061007300,0.7639484978540773,178,0.23605150214592274,55,0.7142857142857143,100,0.2857142857142857,40
82,0.685890834191555,666,0.3141091658084449,305,36061007400,0.6432160804020101,256,0.35678391959798994,142,0.7633928571428571,171,0.23660714285714285,53
83,0.5,4,0.5,4,36061007700,0.8974358974358975,35,0.10256410256410256,4,1.0,4,0.0,0
84,0.8,92,0.2,23,36061007800,0.6818181818181818,60,0.3181818181818182,28,0.5892857142857143,33,0.4107142857142857,23
85,0.0,0,1.0,12,36061008000,1.0,19,0.0,0,1.0,8,0.0,0
86,0.6732177263969171,3494,0.3267822736030829,1696,36061008100,0.6885310290652004,1753,0.3114689709347997,793,0.6408977556109726,771,0.35910224438902744,432
87,0.7842205323193916,825,0.21577946768060838,227,36061008300,0.7962648556876061,469,0.2037351443123939,120,0.8518518518518519,92,0.14814814814814814,16
88,0.6731793960923623,379,0.3268206039076377,184,36061008602,0.6511627906976745,168,0.3488372093023256,90,0.64,16,0.36,9
89,0.7058823529411765,12,0.29411764705882354,5,36061008603,1.0,12,0.0,0,1.0,4,0.0,0
90,0.7894736842105263,30,0.21052631578947367,8,36061008800,0.5555555555555556,20,0.4444444444444444,16,0.6666666666666666,8,0.3333333333333333,4
91,0.7626918536009445,1292,0.23730814639905548,402,36061008900,0.7223001402524544,515,0.2776998597475456,198,0.6121495327102804,131,0.3878504672897196,83
92,0.6343963553530751,557,0.36560364464692485,321,36061009000,0.6396761133603239,316,0.3603238866396761,178,0.576530612244898,113,0.42346938775510207,83
93,0.525065963060686,199,0.47493403693931396,180,36061009500,0.562015503875969,145,0.437984496124031,113,0.6470588235294118,44,0.35294117647058826,24
94,0.7371794871794872,115,0.26282051282051283,41,36061009700,0.6764705882352942,69,0.3235294117647059,33,0.8048780487804879,33,0.1951219512195122,8
95,0.7430865298840321,833,0.2569134701159679,288,36061009800,0.6565836298932385,369,0.34341637010676157,193,0.6554621848739496,234,0.3445378151260504,123
96,0.75,12,0.25,4,36061010100,0.5384615384615384,14,0.46153846153846156,12,0.5,4,0.5,4
97,0.5487012987012987,169,0.4512987012987013,139,36061010300,0.5847953216374269,100,0.4152046783625731,71,0.6296296296296297,34,0.37037037037037035,20
98,0.7727272727272727,17,0.22727272727272727,5,36061010400,0.7333333333333333,22,0.26666666666666666,8,0.0,0,1.0,4
99,0.7199762187871581,1211,0.2800237812128419,471,36061010800,0.6951871657754011,780,0.3048128342245989,342,0.6962305986696231,314,0.30376940133037694,137
100,0.6,48,0.4,32,36061011000,0.7777777777777778,14,0.2222222222222222,4,0.7073170731707317,29,0.2926829268292683,12
101,0.6,174,0.4,116,36061011203,0.6441717791411042,105,0.3558282208588957,58,0.8133333333333334,61,0.18666666666666668,14
102,0.655829596412556,585,0.34417040358744394,307,36061011401,0.6792452830188679,324,0.32075471698113206,153,0.6908212560386473,143,0.30917874396135264,64
103,0.6785714285714286,646,0.32142857142857145,306,36061011600,0.634011090573013,343,0.3659889094269871,198,0.8030634573304157,367,0.19693654266958424,90
104,1.0,17,0.0,0,36061011700,1.0,7,0.0,0,1.0,12,0.0,0
105,0.6555891238670695,217,0.34441087613293053,114,36061011800,0.7232472324723247,196,0.2767527675276753,75,0.7333333333333333,44,0.26666666666666666,16
106,0.6331904470300062,1034,0.3668095529699939,599,36061012000,0.6037527593818984,547,0.39624724061810157,359,0.6896551724137931,80,0.3103448275862069,36
107,0.6494252873563219,226,0.3505747126436782,122,36061012100,0.6233766233766234,96,0.37662337662337664,58,0.9069767441860465,39,0.09302325581395349,4
108,0.6179775280898876,55,0.38202247191011235,34,36061012200,0.7692307692307693,40,0.23076923076923078,12,0.5,12,0.5,12
109,0.7292817679558011,1056,0.27071823204419887,392,36061012700,0.6830294530154277,487,0.3169705469845722,226,0.6996336996336996,191,0.30036630036630035,82
110,0.75390625,193,0.24609375,63,36061012800,0.8023952095808383,134,0.19760479041916168,33,0.7355371900826446,89,0.2644628099173554,32
111,0.7056277056277056,163,0.2943722943722944,68,36061012900,0.7619047619047619,128,0.23809523809523808,40,0.8348623853211009,182,0.1651376146788991,36
112,0.8167456556082149,517,0.18325434439178515,116,36061013200,0.7855477855477856,337,0.21445221445221446,92,0.7796610169491526,184,0.22033898305084745,52
113,0.7476732161323681,723,0.25232678386763185,244,36061013300,0.8058252427184466,415,0.1941747572815534,100,0.7080103359173127,274,0.29198966408268734,113
114,0.8482758620689655,246,0.15172413793103448,44,36061013400,0.8333333333333334,340,0.16666666666666666,68,0.8216216216216217,152,0.1783783783783784,33
115,0.7890995260663507,666,0.2109004739336493,178,36061013500,0.7028824833702882,317,0.29711751662971175,134,0.7697841726618705,107,0.2302158273381295,32
116,0.75625,121,0.24375,39,36061013600,0.7563025210084033,90,0.24369747899159663,29,0.7419354838709677,46,0.25806451612903225,16
117,0.7244825124910778,1015,0.2755174875089222,386,36061013700,0.6824324324324325,707,0.31756756756756754,329,0.6531049250535332,305,0.3468950749464668,162
118,0.8276553106212425,413,0.17234468937875752,86,36061013800,0.8761061946902655,297,0.12389380530973451,42,0.6929460580912863,167,0.3070539419087137,74
119,0.5822784810126582,46,0.4177215189873418,33,36061013900,0.7213114754098361,44,0.2786885245901639,17,0.6666666666666666,8,0.3333333333333333,4
120,1.0,8,0.0,0,36061014000,0.6666666666666666,8,0.3333333333333333,4,0.4444444444444444,4,0.5555555555555556,5
121,0.7352,919,0.2648,331,36061014200,0.7123287671232876,572,0.2876712328767123,231,0.7289002557544757,285,0.2710997442455243,106
122,0.7845117845117845,233,0.21548821548821548,64,36061014401,0.7966101694915254,188,0.2033898305084746,48,0.8343949044585988,131,0.16560509554140126,26
123,0.8098159509202454,264,0.1901840490797546,62,36061014402,0.8226950354609929,232,0.1773049645390071,50,0.7037037037037037,133,0.2962962962962963,56
124,0.7818181818181819,86,0.21818181818181817,24,36061014500,0.7948717948717948,62,0.20512820512820512,16,0.6363636363636364,14,0.36363636363636365,8
125,0.7551299589603283,552,0.2448700410396717,179,36061014700,0.7528344671201814,332,0.2471655328798186,109,0.9130434782608695,84,0.08695652173913043,8
126,0.7182320441988951,390,0.281767955801105,153,36061014801,0.6875,506,0.3125,230,0.7308868501529052,239,0.2691131498470948,88
127,0.5625,81,0.4375,63,36061014802,0.6705882352941176,114,0.32941176470588235,56,0.7241379310344828,42,0.27586206896551724,16
128,0.9,108,0.1,12,36061014900,0.7681159420289855,53,0.2318840579710145,16,0.5,4,0.5,4
129,0.6190476190476191,13,0.38095238095238093,8,36061015002,1.0,8,0.0,0,1.0,4,0.0,0
130,0.7566006600660066,917,0.2433993399339934,295,36061015100,0.7036172695449242,603,0.29638273045507585,254,0.8925925925925926,241,0.10740740740740741,29
131,0.7503467406380028,541,0.24965325936199723,180,36061015200,0.7652495378927912,414,0.23475046210720887,127,0.7083333333333334,204,0.2916666666666667,84
132,0.806234203875316,957,0.1937657961246841,230,36061015300,0.7808219178082192,399,0.2191780821917808,112,0.6535211267605634,232,0.3464788732394366,123
133,0.87,348,0.13,52,36061015400,0.7791044776119403,261,0.2208955223880597,74,0.6829268292682927,112,0.3170731707317073,52
134,0.8693693693693694,193,0.13063063063063063,29,36061015500,0.9204545454545454,243,0.07954545454545454,21,0.7741935483870968,96,0.22580645161290322,28
135,0.5,12,0.5,12,36061015601,0.9111111111111111,41,0.08888888888888889,4,0.5,12,0.5,12
136,0.6303030303030303,312,0.3696969696969697,183,36061015602,0.7193585337915235,628,0.2806414662084765,245,0.6666666666666666,114,0.3333333333333333,57
137,0.7954239569313594,591,0.20457604306864063,152,36061015700,0.7976878612716763,414,0.2023121387283237,105,0.8141809290953546,333,0.18581907090464547,76
138,0.75,36,0.25,12,36061015801,1.0,29,0.0,0,1.0,4,0.0,0
139,0.7543859649122807,86,0.24561403508771928,28,36061016001,0.631578947368421,48,0.3684210526315789,28,0.9252336448598131,99,0.07476635514018691,8
140,0.7464539007092199,421,0.25354609929078015,143,36061016002,0.7305263157894737,347,0.2694736842105263,128,0.5684931506849316,166,0.4315068493150685,126
141,0.6643356643356644,95,0.3356643356643357,48,36061016100,0.9333333333333333,56,0.06666666666666667,4,0.6395348837209303,55,0.36046511627906974,31
142,0.8019047619047619,421,0.1980952380952381,104,36061016200,0.7861915367483296,353,0.21380846325167038,96,0.7603305785123967,92,0.2396694214876033,29
143,0.75,12,0.25,4,36061016300,1.0,4,0.0,0,0.5,4,0.5,4
144,0.8634146341463415,177,0.13658536585365855,28,36061016400,0.8449612403100775,109,0.15503875968992248,20,0.7857142857142857,44,0.21428571428571427,12
145,0.5,4,0.5,4,36061016500,0.0,0,1.0,4,1.0,4,0.0,0
146,0.84,63,0.16,12,36061016600,0.8518518518518519,69,0.14814814814814814,12,1.0,8,0.0,0
147,0.7647058823529411,91,0.23529411764705882,28,36061016700,0.9207920792079208,93,0.07920792079207921,8,0.8840579710144928,61,0.11594202898550725,8
148,0.7295597484276729,464,0.27044025157232704,172,36061016800,0.7127659574468085,335,0.2872340425531915,135,0.7642857142857142,107,0.2357142857142857,33
149,0.8469387755102041,498,0.15306122448979592,90,36061016900,0.875,308,0.125,44,0.8536585365853658,70,0.14634146341463414,12
150,0.8026159334126041,675,0.19738406658739596,166,36061017000,0.8778877887788779,532,0.12211221122112212,74,0.834375,267,0.165625,53
151,0.6530612244897959,32,0.3469387755102041,17,36061017100,0.8,16,0.2,4,1.0,12,0.0,0
152,0.7049608355091384,270,0.2950391644908616,113,36061017200,0.756578947368421,460,0.24342105263157895,148,0.7025862068965517,163,0.2974137931034483,69
153,0.8183041722745625,1216,0.1816958277254374,270,36061017300,0.7877237851662404,924,0.21227621483375958,249,0.7695783132530121,511,0.23042168674698796,153
154,0.7602996254681648,203,0.2397003745318352,64,36061017401,0.7449664429530202,222,0.2550335570469799,76,0.5217391304347826,36,0.4782608695652174,33
155,0.5454545454545454,30,0.45454545454545453,25,36061017500,0.8076923076923077,21,0.19230769230769232,5,0.42857142857142855,12,0.5714285714285714,16
156,0.8471687740516768,1541,0.15283122594832327,278,36061017700,0.8376792698826597,1285,0.1623207301173403,249,0.8055152394775036,555,0.19448476052249636,134
157,0.7456445993031359,214,0.25435540069686413,73,36061017800,0.7198697068403909,221,0.28013029315960913,86,0.5405405405405406,40,0.4594594594594595,34
158,0.8598484848484849,227,0.14015151515151514,37,36061017900,0.7276995305164319,155,0.27230046948356806,58,0.7557251908396947,99,0.24427480916030533,32
159,0.8426966292134831,300,0.15730337078651685,56,36061018000,0.8021978021978022,219,0.1978021978021978,54,0.7913669064748201,110,0.20863309352517986,29
160,0.7323232323232324,290,0.2676767676767677,106,36061018100,0.8228782287822878,223,0.17712177121771217,48,0.6727272727272727,111,0.32727272727272727,54
161,0.8798283261802575,410,0.12017167381974249,56,36061018200,0.7906976744186046,306,0.20930232558139536,81,0.8157894736842105,124,0.18421052631578946,28
162,0.9056603773584906,192,0.09433962264150944,20,36061018300,0.9411764705882353,128,0.058823529411764705,8,0.7142857142857143,30,0.2857142857142857,12
163,0.9080604534005038,721,0.09193954659949623,73,36061018500,0.8697068403908795,534,0.13029315960912052,80,0.8473804100227791,372,0.15261958997722094,67
164,0.6904761904761905,87,0.30952380952380953,39,36061018600,0.819672131147541,100,0.18032786885245902,22,0.8461538461538461,66,0.15384615384615385,12
165,0.8333333333333334,20,0.16666666666666666,4,36061018800,0.6666666666666666,20,0.3333333333333333,10,1.0,8,0.0,0
166,0.8389380530973451,474,0.16106194690265488,91,36061018900,0.84375,324,0.15625,60,0.8040201005025126,160,0.19597989949748743,39
167,0.8014354066985646,335,0.19856459330143542,83,36061019000,0.8360655737704918,204,0.16393442622950818,40,0.6548672566371682,74,0.34513274336283184,39
168,0.7894736842105263,45,0.21052631578947367,12,36061019100,0.9578947368421052,91,0.042105263157894736,4,1.0,8,0.0,0
169,0.6517690875232774,350,0.34823091247672255,187,36061019200,0.5892857142857143,297,0.4107142857142857,207,0.6787878787878788,112,0.3212121212121212,53
170,0.912568306010929,167,0.08743169398907104,16,36061019300,0.8533333333333334,128,0.14666666666666667,22,0.8860759493670886,70,0.11392405063291139,9
171,0.689873417721519,109,0.310126582278481,49,36061019400,0.7670454545454546,135,0.23295454545454544,41,1.0,49,0.0,0
172,0.7708333333333334,481,0.22916666666666666,143,36061019500,0.8927536231884058,308,0.1072463768115942,37,0.8024193548387096,199,0.1975806451612903,49
173,0.7623762376237624,77,0.2376237623762376,24,36061019600,0.776595744680851,73,0.22340425531914893,21,1.0,12,0.0,0
174,0.7452830188679245,79,0.25471698113207547,27,36061019701,0.6962025316455697,55,0.3037974683544304,24,0.5714285714285714,16,0.42857142857142855,12
175,0.759493670886076,120,0.24050632911392406,38,36061019800,0.8235294117647058,56,0.17647058823529413,12,0.8787878787878788,29,0.12121212121212122,4
176,0.6491228070175439,37,0.3508771929824561,20,36061020000,0.6153846153846154,32,0.38461538461538464,20,0.8571428571428571,24,0.14285714285714285,4
177,0.6772585669781932,1087,0.32274143302180686,518,36061020500,0.6441717791411042,525,0.3558282208588957,290,0.6771653543307087,172,0.3228346456692913,82
178,0.8340807174887892,186,0.16591928251121077,37,36061020600,0.8579881656804734,145,0.14201183431952663,24,0.8596491228070176,49,0.14035087719298245,8
179,0.6527777777777778,47,0.3472222222222222,25,36061020800,0.6666666666666666,24,0.3333333333333333,12,1.0,16,0.0,0
180,0.6991869918699187,86,0.3008130081300813,37,36061020901,0.7414965986394558,109,0.2585034013605442,38,0.3333333333333333,4,0.6666666666666666,8
181,0.85,136,0.15,24,36061021200,0.7108433734939759,59,0.2891566265060241,24,0.8974358974358975,35,0.10256410256410256,4
182,0.8011695906432749,137,0.19883040935672514,34,36061021303,0.8928571428571429,75,0.10714285714285714,9,1.0,24,0.0,0
183,0.7,28,0.3,12,36061021600,0.6,12,0.4,8,0.0,0,1.0,4
184,0.692929292929293,343,0.30707070707070705,152,36061021703,0.7181008902077152,242,0.2818991097922849,95,0.7163120567375887,101,0.28368794326241137,40
185,0.8277347114556417,961,0.17226528854435832,200,36061021800,0.8654292343387471,746,0.1345707656612529,116,0.7922077922077922,183,0.2077922077922078,48
186,0.9058823529411765,154,0.09411764705882353,16,36061021900,0.8285714285714286,116,0.17142857142857143,24,0.7538461538461538,49,0.24615384615384617,16
187,0.827027027027027,306,0.17297297297297298,64,36061022000,0.7905604719764012,268,0.20943952802359883,71,0.8133333333333334,61,0.18666666666666668,14
188,0.8119122257053292,259,0.18808777429467086,60,36061022102,0.7658536585365854,157,0.23414634146341465,48,0.7058823529411765,36,0.29411764705882354,15
189,0.7191011235955056,64,0.2808988764044944,25,36061022200,0.6666666666666666,8,0.3333333333333333,4,0.75,12,0.25,4
190,0.7560975609756098,124,0.24390243902439024,40,36061022301,0.8961038961038961,69,0.1038961038961039,8,0.8571428571428571,24,0.14285714285714285,4
191,0.8043478260869565,148,0.1956521739130435,36,36061022302,0.7647058823529411,104,0.23529411764705882,32,0.7647058823529411,26,0.23529411764705882,8
192,0.8236914600550964,299,0.1763085399449036,64,36061022400,0.7903780068728522,230,0.20962199312714777,61,0.6923076923076923,81,0.3076923076923077,36
193,0.7435897435897436,58,0.2564102564102564,20,36061022500,0.7796610169491526,46,0.22033898305084745,13,1.0,20,0.0,0
194,0.8640776699029126,178,0.13592233009708737,28,36061022600,0.88,88,0.12,12,0.7647058823529411,52,0.23529411764705882,16
195,0.8481561822125814,391,0.15184381778741865,70,36061022800,0.8283828382838284,251,0.1716171617161716,52,0.8130841121495327,87,0.18691588785046728,20
196,0.8076923076923077,84,0.19230769230769232,20,36061023000,0.84,63,0.16,12,0.813953488372093,35,0.18604651162790697,8
197,0.7325581395348837,126,0.26744186046511625,46,36061023200,0.8271604938271605,134,0.1728395061728395,28,0.7692307692307693,40,0.23076923076923078,12
198,0.8181818181818182,36,0.18181818181818182,8,36061023300,0.6666666666666666,8,0.3333333333333333,4,1.0,13,0.0,0
199,0.631578947368421,48,0.3684210526315789,28,36061023501,0.7551020408163265,37,0.24489795918367346,12,1.0,20,0.0,0
200,0.7954545454545454,595,0.20454545454545456,153,36061023600,0.8326612903225806,413,0.16733870967741934,83,0.7652173913043478,176,0.23478260869565218,54
201,0.8278008298755186,399,0.17219917012448133,83,36061023700,0.8878504672897196,380,0.11214953271028037,48,0.851063829787234,160,0.14893617021276595,28
202,0.7037037037037037,57,0.2962962962962963,24,36061023900,0.72,54,0.28,21,0.7142857142857143,20,0.2857142857142857,8
203,0.6923076923076923,189,0.3076923076923077,84,36061024000,0.8315789473684211,158,0.16842105263157894,32,0.7807017543859649,89,0.21929824561403508,25
204,0.8666666666666667,104,0.13333333333333333,16,36061024100,0.7321428571428571,82,0.26785714285714285,30,0.8048780487804879,33,0.1951219512195122,8
205,0.7869955156950673,351,0.21300448430493274,95,36061024200,0.7193763919821826,323,0.2806236080178174,126,0.7391304347826086,102,0.2608695652173913,36
206,0.7663551401869159,82,0.2336448598130841,25,36061024301,0.6825396825396826,43,0.31746031746031744,20,1.0,20,0.0,0
207,0.7795698924731183,435,0.22043010752688172,123,36061024302,0.8290598290598291,291,0.17094017094017094,60,0.7842105263157895,149,0.21578947368421053,41
208,0.9230769230769231,48,0.07692307692307693,4,36061024700,0.9448275862068966,137,0.05517241379310345,8,0.8,16,0.2,4
209,0.688212927756654,181,0.311787072243346,82,36061024900,0.8704663212435233,168,0.12953367875647667,25,0.625,20,0.375,12
210,0.7608142493638677,299,0.23918575063613232,94,36061025100,0.7058823529411765,180,0.29411764705882354,75,0.7777777777777778,84,0.2222222222222222,24
211,0.6727941176470589,183,0.3272058823529412,89,36061025500,0.5658914728682171,73,0.43410852713178294,56,0.7272727272727273,56,0.2727272727272727,21
212,0.7346938775510204,36,0.2653061224489796,13,36061025700,0.7446808510638298,35,0.2553191489361702,12,0.6666666666666666,8,0.3333333333333333,4
213,0.9032967032967033,411,0.0967032967032967,44,36061026100,0.8870967741935484,220,0.11290322580645161,28,0.7409326424870466,143,0.25906735751295334,50
214,0.8306451612903226,103,0.1693548387096774,21,36061026300,0.8380952380952381,88,0.1619047619047619,17,1.0,37,0.0,0
215,1.0,24,0.0,0,36061026500,0.75,12,0.25,4,1.0,20,0.0,0
216,0.5128205128205128,20,0.48717948717948717,19,36061026700,1.0,8,0.0,0,0.75,12,0.25,4
217,0.7560975609756098,186,0.24390243902439024,60,36061026900,0.6418918918918919,95,0.3581081081081081,53,0.7575757575757576,50,0.24242424242424243,16
218,0.897196261682243,96,0.102803738317757,11,36061027100,0.9157894736842105,87,0.08421052631578947,8,0.6,12,0.4,8
219,0.7792207792207793,60,0.22077922077922077,17,36061027300,0.5714285714285714,16,0.42857142857142855,12,0.5,20,0.5,20
220,0.8288288288288288,368,0.17117117117117117,76,36061027700,0.8064516129032258,200,0.1935483870967742,48,0.8133333333333334,122,0.18666666666666668,28
221,0.4,4,0.6,6,36061028100,1.0,12,0.0,0,1.0,4,0.0,0
222,0.8090452261306532,161,0.19095477386934673,38,36061028300,0.8651685393258427,77,0.1348314606741573,12,0.788235294117647,67,0.21176470588235294,18
223,0.9079939668174962,602,0.09200603318250378,61,36061028500,0.9069767441860465,429,0.09302325581395349,44,0.7346938775510204,180,0.2653061224489796,65
224,1.0,8,0.0,0,36061028700,1.0,4,0.0,0,1.0,4,0.0,0
225,0.8941176470588236,380,0.10588235294117647,45,36061029100,0.8735177865612648,221,0.12648221343873517,32,0.7272727272727273,96,0.2727272727272727,36
226,0.84,21,0.16,4,36061029300,0.9047619047619048,38,0.09523809523809523,4,1.0,9,0.0,0
227,0.7446808510638298,70,0.2553191489361702,24,36061029500,1.0,39,0.0,0,0.9090909090909091,50,0.09090909090909091,5
228,1.0,8,0.0,0,36061029700,0.0,0,1.0,4,1.0,4,0.0,0
229,0.8129770992366412,213,0.18702290076335878,49,36061029900,0.791907514450867,137,0.20809248554913296,36,0.754601226993865,123,0.24539877300613497,40
230,0.8602620087336245,197,0.13973799126637554,32,36061030300,0.8471337579617835,133,0.15286624203821655,24,0.7777777777777778,84,0.2222222222222222,24
231,0.56,56,0.44,44,36061030900,0.6712328767123288,49,0.3287671232876712,24,1.0,4,0.0,0
232,0.5940713853599516,982,0.4059286146400484,671,36061031703,0.5538461538461539,720,0.4461538461538462,580,0.6069182389937107,193,0.39308176100628933,125
233,0.9245283018867925,98,0.07547169811320754,8,36061031704,0.8032786885245902,49,0.19672131147540983,12,0.0,0,1.0,9
234,1.0,33,0.0,0,36085002002,0.5490196078431373,28,0.45098039215686275,23,0.8048780487804879,33,0.1951219512195122,8
235,0.744,93,0.256,32,36085020700,0.5826086956521739,67,0.41739130434782606,48,1.0,13,0.0,0
236,0.6589902568644819,744,0.3410097431355182,385,36085029103,0.70550576184379,551,0.29449423815621,230,0.7404371584699454,542,0.25956284153005466,190
