,raw_visit_counts,raw_visit_counts,raw_visit_counts
time,mar_19,mar_20,mar_21
tract_id,,,
36005000200,835.0,451.0,493.0
36005000400,3986.0,1970.0,2008.0
36005001600,337.0,119.0,81.0
36005001900,1555.0,1369.0,766.0
36005002300,1813.0,1309.0,700.0
36005002400,5984.0,4568.0,2986.0
36005002500,69.0,42.0,32.0
36005002701,3618.0,2785.0,1472.0
36005003900,46986.0,29442.0,63442.0
36005004001,1192.0,1037.0,399.0
36005004100,1107.0,667.0,507.0
36005004200,8019.0,11834.0,1423.0
36005004300,1557.0,986.0,642.0
36005004400,810.0,552.0,527.0
36005004600,746.0,691.0,327.0
36005005002,82.0,77.0,6.0
36005005100,7789.0,3515.0,1849.0
36005005200,803.0,516.0,502.0
36005005600,1606.0,1056.0,361.0
36005005902,3505.0,412.0,164.0
36005006100,185.0,89.0,22.0
36005006200,2260.0,1579.0,820.0
36005006300,16090.0,8833.0,6902.0
36005006500,3497.0,3210.0,2754.0
36005006700,7571.0,1486.0,751.0
36005006800,1613.0,6227.0,1199.0
36005006900,919.0,732.0,463.0
36005007100,21.0,19.0,19.0
36005007200,2859.0,2402.0,1248.0
36005007300,10886.0,6486.0,9034.0
36005007500,1302.0,900.0,606.0
36005007600,344.0,200.0,97.0
36005007700,1215.0,811.0,376.0
36005007800,20.0,30.0,15.0
36005007900,4463.0,2835.0,1635.0
36005008300,567.0,326.0,379.0
36005008700,3757.0,2798.0,1704.0
36005009000,2426.0,3458.0,1951.0
36005009200,1081.0,1040.0,634.0
36005009300,2325.0,2264.0,1477.0
36005009600,424.0,434.0,309.0
36005011000,3271.0,2218.0,1778.0
36005011502,2583.0,1681.0,1040.0
36005011700,10019.0,9787.0,6863.0
36005011800,262.0,242.0,397.0
36005011900,3860.0,2787.0,1990.0
36005012300,949.0,899.0,485.0
36005012500,64.0,53.0,12.0
36005012701,13015.0,667.0,200.0
36005012901,1257.0,718.0,286.0
36005013100,2833.0,1709.0,979.0
36005013200,379.0,257.0,184.0
36005013500,1875.0,1389.0,786.0
36005013800,1679.0,6714.0,637.0
36005014100,3342.0,2687.0,1800.0
36005014500,71340.0,59753.0,88694.0
36005014701,958.0,626.0,307.0
36005014702,2270.0,1802.0,984.0
36005014900,867.0,685.0,350.0
36005015200,806.0,564.0,307.0
36005015300,468.0,396.0,156.0
36005015700,1727.0,1127.0,898.0
36005015900,13.0,24.0,9.0
36005016100,4852.0,2947.0,1758.0
36005016300,4459.0,3022.0,1892.0
36005016500,2275.0,1597.0,1125.0
36005016600,491.0,274.0,291.0
36005016700,210.0,177.0,82.0
36005016900,1804.0,985.0,521.0
36005017100,613.0,941.0,511.0
36005017300,1291.0,1299.0,661.0
36005017500,1637.0,1040.0,530.0
36005017702,372.0,270.0,132.0
36005017902,1989.0,1421.0,679.0
36005018102,1848.0,1379.0,184.0
36005018301,11.0,3.0,4.0
36005018400,1189.0,1403.0,1000.0
36005018500,4146.0,3397.0,1850.0
36005018900,986.0,749.0,385.0
36005019300,1596.0,893.0,493.0
36005019500,2177.0,1477.0,1094.0
36005019700,1362.0,895.0,529.0
36005019900,274.0,249.0,68.0
36005020000,1125.0,949.0,617.0
36005020100,6402.0,3623.0,2125.0
36005020200,640.0,670.0,358.0
36005020400,348.0,312.0,91.0
36005020501,3075.0,1545.0,1213.0
36005020502,989.0,655.0,365.0
36005020601,14.0,2.0,3.0
36005020900,1497.0,685.0,366.0
36005021001,3467.0,4777.0,1134.0
36005021002,696.0,501.0,117.0
36005021100,618.0,282.0,140.0
36005021302,1347.0,773.0,602.0
36005021501,1291.0,1298.0,630.0
36005021502,228.0,97.0,75.0
36005021601,584.0,628.0,310.0
36005021602,2036.0,1703.0,803.0
36005021800,1409.0,943.0,659.0
36005021900,2608.0,1763.0,955.0
36005022000,690.0,550.0,354.0
36005022200,2804.0,1802.0,885.0
36005022403,6279.0,4187.0,2957.0
36005022500,1223.0,1292.0,546.0
36005022701,1271.0,899.0,458.0
36005022702,1585.0,944.0,525.0
36005022901,2151.0,1214.0,538.0
36005022902,2047.0,1231.0,964.0
36005023100,343.0,267.0,263.0
36005023200,11660.0,15903.0,2308.0
36005023301,79.0,29.0,13.0
36005023600,1116.0,726.0,713.0
36005023900,459.0,319.0,226.0
36005024100,2174.0,1232.0,628.0
36005024300,792.0,413.0,280.0
36005024501,1279.0,729.0,367.0
36005024700,25018.0,11505.0,22954.0
36005024800,404.0,438.0,306.0
36005024900,1878.0,923.0,82.0
36005025100,16139.0,4180.0,2125.0
36005025600,347.0,262.0,253.0
36005026400,44.0,22.0,24.0
36005026500,50.0,48.0,42.0
36005026602,1141.0,684.0,363.0
36005026900,1357.0,791.0,528.0
36005027300,576.0,429.0,346.0
36005027401,54.0,48.0,87.0
36005027402,331.0,224.0,246.0
36005027600,8654.0,6037.0,5186.0
36005027700,341.0,300.0,149.0
36005027900,520.0,426.0,326.0
36005028100,423.0,265.0,139.0
36005028300,2915.0,2137.0,1470.0
36005028400,4616.0,3259.0,2808.0
36005028500,484.0,341.0,250.0
36005028800,279.0,178.0,139.0
36005028900,15424.0,12818.0,760.0
36005029301,751.0,714.0,441.0
36005029302,1690.0,765.0,736.0
36005029500,793.0,522.0,358.0
36005029700,189.0,252.0,179.0
36005030000,1590.0,1001.0,669.0
36005030200,3642.0,2504.0,1361.0
36005030701,343.0,307.0,251.0
36005030900,548.0,407.0,355.0
36005031000,2294.0,1592.0,591.0
36005032600,5727.0,1761.0,2506.0
36005033000,716.0,478.0,370.0
36005033400,43804.0,22099.0,21485.0
36005033500,1596.0,1036.0,640.0
36005033600,2814.0,1638.0,1024.0
36005033700,2751.0,2794.0,1607.0
36005034000,45.0,33.0,19.0
36005034300,63.0,36.0,62.0
36005034800,10069.0,19535.0,15980.0
36005035600,4063.0,1775.0,1997.0
36005035800,616.0,494.0,272.0
36005036100,41.0,138.0,95.0
36005036300,3949.0,5362.0,74620.0
36005036501,1115.0,0.0,0.0
36005036502,1370.0,1063.0,662.0
36005036700,359.0,198.0,83.0
36005036901,904.0,894.0,284.0
36005036902,835.0,612.0,411.0
36005037100,14078.0,3952.0,4931.0
36005037300,1526.0,778.0,546.0
36005037400,1087.0,415.0,272.0
36005037504,1623.0,1373.0,729.0
36005037800,2800.0,1832.0,1426.0
36005037900,6826.0,1308.0,669.0
36005038000,1.0,0.0,0.0
36005038100,10911.0,20470.0,14339.0
36005038301,686.0,278.0,165.0
36005038302,2880.0,4122.0,2432.0
36005038500,1178.0,977.0,765.0
36005038600,658.0,476.0,255.0
36005038700,5284.0,3791.0,1473.0
36005038900,389.0,255.0,251.0
36005039000,19.0,9.0,8.0
36005039100,827.0,553.0,405.0
36005039500,1290.0,807.0,309.0
36005039700,40557.0,18669.0,20457.0
36005039800,208.0,158.0,61.0
36005039901,1007.0,656.0,406.0
36005039902,481.0,273.0,0.0
36005040502,309.0,468.0,284.0
36005040600,251.0,173.0,104.0
36005040701,70.0,119.0,88.0
36005040702,141.0,191.0,69.0
36005040900,12208.0,6140.0,2104.0
36005041100,2518.0,1363.0,843.0
36005041300,53.0,28.0,20.0
36005041400,642.0,405.0,249.0
36005041500,1121.0,862.0,438.0
36005041800,58.0,22.0,43.0
36005041900,218.0,115.0,150.0
36005042000,1010.0,815.0,337.0
36005042100,2166.0,1876.0,1536.0
36005042400,385.0,315.0,175.0
36005042500,5729.0,4179.0,2313.0
36005043100,958.0,402.0,400.0
36005043500,590.0,476.0,526.0
36005043600,123.0,154.0,32.0
36005045600,875.0,490.0,423.0
36005045800,2521.0,1651.0,1044.0
36005046000,575.0,550.0,410.0
36005046201,23884.0,5623.0,3509.0
36005046202,798.0,391.0,364.0
36005048400,3899.0,6400.0,3233.0
36005050400,3081.0,2389.0,2827.0
36005051600,505.0,487.0,466.0
36031960498,87.0,28.0,30.0
36047000100,1220.0,694.0,641.0
36047000200,51.0,25.0,18.0
36047000301,926.0,571.0,489.0
36047000501,723.0,527.0,368.0
36047000502,3.0,24.0,12.0
36047000700,3794.0,2431.0,1852.0
36047000900,2851.0,1432.0,684.0
36047001100,8576.0,4683.0,1707.0
36047001300,16281.0,9804.0,5067.0
36047001500,7131.0,3137.0,1636.0
36047001800,3229.0,3351.0,3220.0
36047002100,9090.0,5104.0,3335.0
36047002200,769.0,648.0,480.0
36047002300,2809.0,1869.0,1343.0
36047003100,2795.0,1946.0,1228.0
36047003300,2492.0,1201.0,587.0
36047003400,1433.0,1401.0,1215.0
36047003700,862.0,278.0,322.0
36047003900,2735.0,1188.0,1064.0
36047004300,690.0,383.0,239.0
36047004500,110.0,80.0,108.0
36047004700,696.0,533.0,352.0
36047004900,480.0,283.0,192.0
36047005300,4454.0,3218.0,2709.0
36047005601,430.0,496.0,541.0
36047005800,1.0,0.0,1.0
36047005900,908.0,688.0,762.0
36047006000,162.0,84.0,138.0
36047006300,2692.0,2229.0,1965.0
36047006400,0.0,4.0,3.0
36047006500,243.0,170.0,119.0
36047006600,173.0,0.0,0.0
36047006700,325.0,118.0,142.0
36047006900,372.0,253.0,76.0
36047007000,13523.0,22878.0,14897.0
36047007200,210.0,230.0,175.0
36047007400,719.0,529.0,262.0
36047007500,201.0,188.0,182.0
36047007600,198.0,127.0,110.0
36047007700,374.0,281.0,256.0
36047008000,4.0,1.0,0.0
36047008200,866.0,543.0,351.0
36047008400,1198.0,821.0,490.0
36047009200,588.0,322.0,257.0
36047009600,1325.0,1181.0,725.0
36047010200,76.0,27.0,37.0
36047010600,10.0,4.0,3.0
36047011200,133.0,122.0,71.0
36047011400,359.0,252.0,407.0
36047011600,1916.0,6028.0,9923.0
36047011700,826.0,719.0,727.0
36047011900,854.0,715.0,732.0
36047012000,1973.0,1138.0,1328.0
36047012100,286.0,241.0,217.0
36047012801,1592.0,1401.0,1123.0
36047012901,141.0,111.0,68.0
36047012902,56.0,0.0,0.0
36047013100,38.0,22.0,13.0
36047013200,2235.0,1747.0,1213.0
36047013300,318.0,117.0,150.0
36047013400,97.0,84.0,42.0
36047013500,2998.0,1943.0,1485.0
36047013600,191.0,111.0,83.0
36047013700,62.0,22.0,28.0
36047013800,42.0,65.0,70.0
36047013900,178.0,68.0,0.0
36047014100,536.0,275.0,0.0
36047014200,1124.0,1001.0,827.0
36047014300,611.0,259.0,212.0
36047014700,1152.0,649.0,277.0
36047014800,2770.0,1184.0,515.0
36047014900,1011.0,631.0,461.0
36047015000,21.0,41.0,13.0
36047015200,2537.0,1342.0,1094.0
36047015300,2505.0,1667.0,950.0
36047015400,2882.0,5165.0,3693.0
36047015500,171.0,119.0,59.0
36047015900,7977.0,9607.0,842.0
36047016000,495.0,461.0,481.0
36047016200,563.0,470.0,334.0
36047016300,0.0,0.0,4.0
36047016400,1074.0,840.0,854.0
36047016700,4.0,2.0,0.0
36047016900,263.0,214.0,153.0
36047017000,11.0,21.0,12.0
36047017400,876.0,955.0,678.0
36047017700,28638.0,31354.0,28454.0
36047017900,652.0,452.0,334.0
36047019100,3280.0,7723.0,21958.0
36047019300,1601.0,1493.0,481.0
36047019500,132.0,80.0,40.0
36047019700,1185.0,781.0,607.0
36047020000,0.0,0.0,12.0
36047020700,112.0,73.0,70.0
36047021000,10.0,6.0,3.0
36047021100,2766.0,1645.0,1117.0
36047021300,1767.0,968.0,477.0
36047021400,16.0,7.0,8.0
36047021500,226.0,174.0,139.0
36047021700,60.0,0.0,0.0
36047021900,22.0,22.0,11.0
36047022000,149.0,102.0,77.0
36047022100,792.0,400.0,306.0
36047022200,2.0,4.0,2.0
36047022600,11.0,35.0,39.0
36047022700,631.0,571.0,280.0
36047023200,467.0,174.0,143.0
36047023300,110.0,224.0,163.0
36047023400,168.0,144.0,111.0
36047023600,431.0,300.0,235.0
36047024100,390.0,234.0,84.0
36047024200,146.0,158.0,110.0
36047024300,291.0,151.0,225.0
36047024400,8.0,12.0,12.0
36047024500,682.0,510.0,297.0
36047024700,0.0,0.0,329.0
36047024800,639.0,505.0,444.0
36047024900,911.0,488.0,66.0
36047025000,1636.0,1250.0,741.0
36047025300,508.0,254.0,169.0
36047025400,1.0,1.0,0.0
36047025600,135.0,413.0,317.0
36047025700,1814.0,828.0,362.0
36047025901,447.0,173.0,204.0
36047026000,314.0,291.0,188.0
36047026100,460.0,264.0,186.0
36047026200,1635.0,989.0,799.0
36047026300,767.0,463.0,489.0
36047026700,87.0,37.0,14.0
36047027100,1584.0,1067.0,605.0
36047027300,320.0,199.0,67.0
36047027500,251.0,180.0,0.0
36047027600,265.0,178.0,153.0
36047027800,1087.0,919.0,702.0
36047027900,537.0,407.0,229.0
36047028100,823.0,624.0,329.0
36047028300,1105.0,856.0,357.0
36047028700,224.0,103.0,65.0
36047028800,20.0,27.0,14.0
36047028900,1371.0,960.0,589.0
36047029300,1730.0,849.0,401.0
36047029600,53.0,124.0,98.0
36047029700,1689.0,1032.0,311.0
36047029800,343.0,0.0,0.0
36047030000,4290.0,1975.0,1885.0
36047030100,430.0,352.0,247.0
36047030200,353.0,301.0,164.0
36047030300,1968.0,1440.0,710.0
36047030400,5668.0,6181.0,3715.0
36047030500,260.0,138.0,69.0
36047030600,239.0,295.0,225.0
36047030700,382.0,385.0,247.0
36047030800,768.0,663.0,550.0
36047031400,3024.0,2799.0,3176.0
36047031500,335.0,230.0,75.0
36047031701,333.0,233.0,107.0
36047031702,0.0,0.0,3.0
36047031900,6136.0,3645.0,2033.0
36047032100,7723.0,10401.0,291.0
36047032600,801.0,823.0,897.0
36047032800,515.0,523.0,338.0
36047032900,168.0,85.0,56.0
36047033600,783.0,561.0,506.0
36047033900,427.0,258.0,238.0
36047034000,1358.0,749.0,465.0
36047034200,2165.0,1436.0,828.0
36047034300,978.0,493.0,261.0
36047034500,6.0,3.0,3.0
36047034900,4.0,4.0,1.0
36047035100,4903.0,2344.0,1267.0
36047035200,2018.0,1625.0,1454.0
36047035300,940.0,489.0,244.0
36047035400,1298.0,1320.0,1554.0
36047035700,3474.0,2096.0,1370.0
36047036001,2.0,0.0,0.0
36047036100,2920.0,1899.0,1247.0
36047036200,89.0,54.0,95.0
36047036300,1980.0,1286.0,817.0
36047036400,530.0,460.0,529.0
36047036501,350.0,124.0,20.0
36047036700,13321.0,6732.0,3393.0
36047036900,1243.0,722.0,454.0
36047037000,1508.0,1130.0,740.0
36047037100,1495.0,1358.0,911.0
36047037402,1623.0,1720.0,1668.0
36047037500,124.0,65.0,72.0
36047037700,280.0,0.0,0.0
36047038100,237.0,81.0,64.0
36047038200,1296.0,911.0,494.0
36047038300,369.0,273.0,166.0
36047038500,322.0,139.0,121.0
36047038600,685.0,792.0,532.0
36047038700,5.0,0.0,1.0
36047038800,1990.0,1080.0,1065.0
36047038900,1540.0,1350.0,903.0
36047039300,1075.0,474.0,451.0
36047039500,783.0,470.0,246.0
36047039700,2001.0,1125.0,688.0
36047039800,33.0,26.0,25.0
36047040100,144.0,113.0,61.0
36047040200,1926.0,1346.0,1169.0
36047040300,0.0,1.0,4.0
36047040500,549.0,355.0,243.0
36047040800,0.0,1.0,0.0
36047041000,71.0,69.0,67.0
36047041200,4.0,5.0,1.0
36047041401,1624.0,1108.0,1015.0
36047041402,290.0,213.0,193.0
36047041500,5.0,26.0,4.0
36047041700,1263.0,629.0,512.0
36047041800,26196.0,31974.0,19663.0
36047042300,846.0,603.0,255.0
36047042800,1262.0,1125.0,892.0
36047042900,23263.0,62753.0,730.0
36047043000,3108.0,3088.0,2456.0
36047043200,733.0,669.0,545.0
36047043300,1659.0,842.0,507.0
36047043500,892.0,605.0,549.0
36047043700,876.0,644.0,459.0
36047043800,759.0,597.0,577.0
36047044000,63.0,71.0,55.0
36047044100,424.0,272.0,161.0
36047044200,1.0,8.0,7.0
36047044300,454.0,341.0,190.0
36047044400,96.0,113.0,84.0
36047044500,629.0,448.0,425.0
36047044700,176.0,106.0,184.0
36047044800,53.0,71.0,30.0
36047044900,2355.0,1796.0,1630.0
36047045300,150.0,90.0,44.0
36047045600,105.0,95.0,224.0
36047046000,2525.0,1611.0,984.0
36047046202,8.0,5.0,1.0
36047046800,788.0,636.0,527.0
36047047600,40.0,9.0,1.0
36047048400,12.0,0.0,0.0
36047048500,1398.0,892.0,514.0
36047049000,62.0,16.0,12.0
36047049100,1.0,0.0,3.0
36047049200,184.0,385.0,96.0
36047049400,18.0,86.0,35.0
36047049500,13.0,8.0,10.0
36047049900,434.0,282.0,208.0
36047050000,1061.0,773.0,1027.0
36047050100,590.0,250.0,263.0
36047050202,101.0,77.0,53.0
36047050300,78.0,178.0,83.0
36047050600,984.0,605.0,390.0
36047050803,373.0,244.0,164.0
36047051001,2676.0,1682.0,899.0
36047051002,491.0,313.0,169.0
36047051100,52.0,36.0,15.0
36047051200,747.0,270.0,296.0
36047051300,298.0,195.0,174.0
36047051400,1114.0,513.0,586.0
36047051500,1090.0,1185.0,1234.0
36047051700,363.0,196.0,208.0
36047051900,15.0,9.0,4.0
36047052000,71.0,33.0,13.0
36047052300,493.0,446.0,436.0
36047052500,14734.0,23271.0,13600.0
36047052700,2755.0,369.0,149.0
36047052900,549.0,176.0,122.0
36047053100,301.0,162.0,196.0
36047053400,120.0,96.0,105.0
36047053500,321.0,178.0,222.0
36047053700,518.0,291.0,350.0
36047053800,4124.0,3016.0,1011.0
36047053900,29.0,25.0,17.0
36047054200,34.0,25.0,28.0
36047054300,2110.0,1508.0,1336.0
36047054600,1371.0,1236.0,844.0
36047054700,269.0,120.0,185.0
36047054900,335.0,81.0,81.0
36047055100,664.0,243.0,261.0
36047055300,889.0,512.0,456.0
36047055400,1728.0,732.0,1310.0
36047055500,2669.0,986.0,1074.0
36047055600,1610.0,1327.0,1283.0
36047055700,724.0,442.0,657.0
36047056100,143.0,122.0,80.0
36047056200,430.0,270.0,305.0
36047056300,953.0,663.0,778.0
36047056400,335.0,240.0,264.0
36047056500,126.0,149.0,87.0
36047056900,305.0,192.0,231.0
36047057000,1021.0,653.0,602.0
36047057100,60.0,14.0,25.0
36047057300,24.0,18.0,23.0
36047057400,443.0,498.0,497.0
36047057800,0.0,111.0,158.0
36047057900,1461.0,1164.0,776.0
36047058000,387.0,215.0,135.0
36047058200,16.0,16.0,0.0
36047058800,773.0,579.0,586.0
36047058900,220.0,141.0,145.0
36047059000,433.0,291.0,176.0
36047059100,14929.0,21709.0,439.0
36047059200,7.0,0.0,0.0
36047059300,58.0,55.0,46.0
36047059401,1498.0,1610.0,1951.0
36047060000,1001.0,890.0,683.0
36047060600,1406.0,1064.0,990.0
36047060800,30221.0,31769.0,22059.0
36047061002,796.0,947.0,693.0
36047061004,627.0,381.0,300.0
36047061200,2250.0,2065.0,2284.0
36047061600,5058.0,3920.0,3757.0
36047062600,743.0,649.0,886.0
36047063200,246.0,405.0,287.0
36047064600,713.0,479.0,211.0
36047065800,5.0,5.0,5.0
36047066000,200.0,203.0,250.0
36047066600,9215.0,9145.0,10271.0
36047067200,3809.0,6304.0,9742.0
36047068600,402.0,414.0,327.0
36047069000,3.0,5.0,1.0
36047069601,465.0,386.0,340.0
36047069602,1254.0,1406.0,671.0
36047069800,2519.0,1041.0,1210.0
36047070000,21.0,19.0,15.0
36047070201,2642.0,1421.0,1835.0
36047070202,384.0,152.0,330.0
36047070600,1629.0,1439.0,2082.0
36047073400,2910.0,9081.0,568.0
36047074600,794.0,679.0,407.0
36047074800,1009.0,690.0,710.0
36047076800,371.0,262.0,155.0
36047077200,1476.0,1301.0,54.0
36047077400,3.0,4.0,0.0
36047077600,13.0,2.0,1.0
36047078200,1983.0,1363.0,916.0
36047078600,340.0,186.0,101.0
36047078800,3525.0,1585.0,1159.0
36047079400,0.0,2.0,17.0
36047079802,837.0,514.0,261.0
36047080000,87.0,30.0,26.0
36047080200,855.0,400.0,258.0
36047080400,1327.0,788.0,657.0
36047080800,1022.0,1132.0,1085.0
36047081400,1157.0,748.0,696.0
36047081600,479.0,257.0,157.0
36047082400,11997.0,2313.0,5092.0
36047082800,1072.0,757.0,479.0
36047083000,343.0,245.0,336.0
36047083600,477.0,253.0,284.0
36047083800,605.0,376.0,309.0
36047084000,604.0,392.0,325.0
36047084800,13.0,1.0,1.0
36047086000,5.0,5.0,1.0
36047087800,0.0,6.0,3.0
36047088200,347.0,212.0,101.0
36047088800,1.0,0.0,0.0
36047089000,6541.0,4052.0,2500.0
36047089200,242.0,176.0,111.0
36047090000,864.0,808.0,349.0
36047090200,136.0,217.0,109.0
36047090800,1683.0,899.0,651.0
36047091000,387.0,273.0,151.0
36047091200,2354.0,1564.0,898.0
36047091800,448.0,250.0,175.0
36047092000,163.0,96.0,75.0
36047092400,3203.0,1777.0,1242.0
36047093400,256.0,209.0,118.0
36047094401,270.0,95.0,58.0
36047094600,834.0,578.0,447.0
36047095000,89.0,62.0,34.0
36047095600,1021.0,681.0,396.0
36047095800,54.0,51.0,34.0
36047096000,608.0,699.0,554.0
36047096400,1059.0,731.0,486.0
36047096800,162.0,1.0,2.0
36047097400,1640.0,1106.0,581.0
36047098400,244.0,103.0,103.0
36047098600,848.0,545.0,278.0
36047098800,1129.0,613.0,318.0
36047099000,198.0,165.0,173.0
36047099800,4619.0,2885.0,2666.0
36047102800,22480.0,14600.0,13977.0
36047103400,27.0,25.0,35.0
36047105801,4432.0,3897.0,2776.0
36047105804,2380.0,1560.0,1093.0
36047107000,5556.0,4291.0,4475.0
36047107800,1533.0,1253.0,811.0
36047110400,3401.0,1591.0,1078.0
36047111600,331.0,612.0,418.0
36047111800,1017.0,719.0,236.0
36047112000,1390.0,661.0,473.0
36047112400,346.0,128.0,104.0
36047114201,1806.0,1207.0,720.0
36047114400,33894.0,34152.0,47331.0
36047115600,1.0,174.0,8.0
36047115800,158.0,133.0,68.0
36047116000,1221.0,700.0,579.0
36047116200,358.0,324.0,257.0
36047116400,784.0,480.0,272.0
36047116800,433.0,284.0,114.0
36047117000,33.0,22.0,6.0
36047117601,523.0,356.0,225.0
36047117800,953.0,608.0,420.0
36047118000,137.0,75.0,61.0
36047118201,1044.0,676.0,423.0
36047118800,482.0,580.0,181.0
36047119000,94.0,64.0,32.0
36047119200,363.0,276.0,182.0
36047119600,45159.0,49442.0,67817.0
36047119800,0.0,0.0,39.0
36047121000,1985.0,4779.0,1365.0
36047122000,1801.0,1377.0,1231.0
36047123700,358.0,233.0,113.0
36047150200,844.0,504.0,390.0
36055012306,70.0,3.0,2.0
36059301900,327.0,183.0,206.0
36061000100,14609.0,4261.0,1429.0
36061000201,8345.0,5632.0,3664.0
36061000202,12236.0,10579.0,5707.0
36061000500,2272.0,1460.0,791.0
36061000600,27033.0,14985.0,11347.0
36061000700,92658.0,39797.0,20046.0
36061000800,31541.0,17746.0,14094.0
36061000900,155607.0,62498.0,26743.0
36061001001,2684.0,1615.0,1451.0
36061001002,9365.0,5516.0,3706.0
36061001200,7451.0,4649.0,3308.0
36061001300,198145.0,80695.0,34184.0
36061001401,11923.0,44212.0,12306.0
36061001402,18197.0,10653.0,6841.0
36061001501,71220.0,33512.0,19300.0
36061001502,98198.0,45131.0,23874.0
36061001600,38446.0,19483.0,15845.0
36061001800,51376.0,24552.0,15914.0
36061002000,4553.0,3237.0,2399.0
36061002100,105304.0,47271.0,19860.0
36061002201,26911.0,12968.0,9251.0
36061002202,6605.0,4029.0,2829.0
36061002400,3264.0,2949.0,1922.0
36061002500,6029.0,6391.0,2146.0
36061002601,7148.0,5157.0,3228.0
36061002602,9235.0,5629.0,3841.0
36061002700,9115.0,42442.0,8750.0
36061002800,19023.0,8405.0,5332.0
36061002900,107436.0,157110.0,24782.0
36061003001,30840.0,10623.0,7620.0
36061003002,8223.0,4449.0,2906.0
36061003100,209756.0,183035.0,72025.0
36061003200,35044.0,19546.0,14164.0
36061003300,81179.0,36055.0,23870.0
36061003400,25006.0,16605.0,11024.0
36061003601,14521.0,6065.0,3824.0
36061003602,15454.0,6648.0,4606.0
36061003700,70510.0,29162.0,19421.0
36061003800,43026.0,17230.0,14508.0
36061003900,53504.0,23491.0,13858.0
36061004000,30556.0,12987.0,10444.0
36061004100,65827.0,27586.0,25014.0
36061004200,29714.0,14223.0,8201.0
36061004300,38931.0,14090.0,10241.0
36061004400,18250.0,12650.0,9516.0
36061004500,37051.0,13162.0,8525.0
36061004700,34893.0,12945.0,13352.0
36061004800,34642.0,18855.0,12453.0
36061004900,48410.0,15794.0,13283.0
36061005000,68972.0,28566.0,11934.0
36061005200,80705.0,49165.0,21740.0
36061005400,58472.0,21031.0,15878.0
36061005501,30903.0,16052.0,8080.0
36061005502,32009.0,12214.0,8998.0
36061005600,61794.0,24960.0,11120.0
36061005700,35770.0,13623.0,6619.0
36061005800,86333.0,31405.0,19635.0
36061005900,22575.0,10484.0,5895.0
36061006000,6223.0,3094.0,2475.0
36061006100,57721.0,22270.0,14240.0
36061006200,63569.0,49247.0,32425.0
36061006300,40418.0,18125.0,11900.0
36061006400,32863.0,18727.0,11131.0
36061006500,62873.0,74725.0,27192.0
36061006600,36827.0,17247.0,16220.0
36061006700,31845.0,12457.0,9229.0
36061006800,60896.0,27392.0,11746.0
36061006900,15953.0,7233.0,5955.0
36061007000,51482.0,13314.0,9058.0
36061007100,29628.0,11831.0,8611.0
36061007200,43817.0,19640.0,14153.0
36061007300,29525.0,9716.0,7351.0
36061007400,92211.0,36530.0,22216.0
36061007500,28311.0,13228.0,12647.0
36061007600,125626.0,45058.0,23142.0
36061007700,39749.0,14763.0,13191.0
36061007800,27030.0,13693.0,11740.0
36061007900,49606.0,15695.0,10383.0
36061008000,64433.0,28006.0,12465.0
36061008100,57180.0,24739.0,13984.0
36061008200,73015.0,29242.0,12083.0
36061008300,90061.0,25003.0,10972.0
36061008400,100062.0,38933.0,21955.0
36061008601,9528.0,7395.0,5439.0
36061008602,8722.0,3765.0,602.0
36061008603,8410.0,5237.0,4158.0
36061008700,33451.0,11731.0,7560.0
36061008800,47840.0,20074.0,11314.0
36061008900,25967.0,10890.0,5971.0
36061009000,59295.0,24949.0,12336.0
36061009100,60605.0,22871.0,12024.0
36061009200,192105.0,69842.0,23209.0
36061009300,22377.0,10024.0,7297.0
36061009400,109201.0,35699.0,23551.0
36061009500,70039.0,29384.0,13160.0
36061009600,130310.0,49692.0,32428.0
36061009700,21852.0,75893.0,10011.0
36061009800,57364.0,22433.0,14226.0
36061009900,174380.0,71231.0,61328.0
36061010000,98265.0,41574.0,18948.0
36061010100,270585.0,101787.0,41139.0
36061010200,91173.0,34990.0,15659.0
36061010300,63123.0,31561.0,20043.0
36061010400,167605.0,58090.0,22913.0
36061010601,26718.0,17070.0,10811.0
36061010602,16292.0,8848.0,6869.0
36061010800,53514.0,25432.0,14177.0
36061010900,147851.0,51919.0,30857.0
36061011000,36466.0,16568.0,11601.0
36061011100,74217.0,32034.0,17645.0
36061011201,53285.0,19854.0,8469.0
36061011202,46931.0,17718.0,9214.0
36061011203,33470.0,13750.0,7713.0
36061011300,218601.0,81931.0,35226.0
36061011401,39057.0,14011.0,9814.0
36061011402,33103.0,15329.0,11133.0
36061011500,124230.0,53169.0,26281.0
36061011600,124897.0,81457.0,61988.0
36061011700,22843.0,10820.0,8790.0
36061011800,48556.0,42548.0,41376.0
36061011900,233597.0,81706.0,22449.0
36061012000,46853.0,22018.0,9265.0
36061012100,76278.0,39312.0,13001.0
36061012200,20384.0,10480.0,8097.0
36061012400,37323.0,23874.0,18281.0
36061012500,223824.0,76016.0,24186.0
36061012600,50264.0,19692.0,12794.0
36061012700,68857.0,30614.0,9977.0
36061012800,25988.0,15430.0,11665.0
36061012900,57317.0,28285.0,17574.0
36061013000,21905.0,11529.0,9033.0
36061013100,155009.0,59588.0,16337.0
36061013200,24298.0,17756.0,12243.0
36061013300,49591.0,17813.0,9517.0
36061013400,32124.0,17598.0,11760.0
36061013500,50643.0,24528.0,13321.0
36061013600,28797.0,14801.0,13631.0
36061013700,176783.0,69194.0,30040.0
36061013800,45707.0,14446.0,11593.0
36061013900,57438.0,23354.0,12772.0
36061014000,29119.0,15728.0,13227.0
36061014200,28186.0,14176.0,12440.0
36061014300,193996.0,266173.0,89032.0
36061014401,7376.0,4463.0,3493.0
36061014402,12403.0,7726.0,6246.0
36061014500,83728.0,38602.0,22752.0
36061014601,19011.0,9809.0,6809.0
36061014602,25223.0,12565.0,7904.0
36061014700,16798.0,8581.0,2728.0
36061014801,22329.0,9993.0,6758.0
36061014802,36725.0,22702.0,15849.0
36061014900,47813.0,18401.0,9233.0
36061015001,9734.0,4847.0,3668.0
36061015002,16266.0,8294.0,6305.0
36061015100,38858.0,22245.0,14211.0
36061015200,22575.0,13734.0,11358.0
36061015300,43331.0,18934.0,12236.0
36061015400,62981.0,74971.0,35400.0
36061015500,14391.0,10884.0,6939.0
36061015601,13958.0,8528.0,5397.0
36061015602,13601.0,11281.0,4350.0
36061015700,30401.0,14473.0,12376.0
36061015801,14023.0,8673.0,5072.0
36061015802,9563.0,4880.0,2889.0
36061015900,30598.0,15901.0,9258.0
36061016001,13645.0,7474.0,5248.0
36061016002,12178.0,7231.0,5764.0
36061016100,18745.0,8564.0,6225.0
36061016200,14768.0,11098.0,5578.0
36061016300,29101.0,12581.0,7332.0
36061016400,14272.0,9643.0,5523.0
36061016500,62258.0,27538.0,27044.0
36061016600,22724.0,13815.0,7579.0
36061016700,21328.0,10664.0,7350.0
36061016800,48371.0,31824.0,21461.0
36061016900,20922.0,11306.0,8299.0
36061017000,29510.0,16094.0,8981.0
36061017100,26189.0,10160.0,8259.0
36061017200,39503.0,18431.0,13711.0
36061017300,21880.0,12589.0,8829.0
36061017401,11379.0,7698.0,3564.0
36061017402,4154.0,2550.0,1425.0
36061017500,19017.0,9770.0,7141.0
36061017700,22345.0,14955.0,9148.0
36061017800,25379.0,24738.0,12792.0
36061017900,21193.0,11047.0,8116.0
36061018000,13212.0,8289.0,6001.0
36061018100,21178.0,11465.0,9143.0
36061018200,24750.0,15102.0,8897.0
36061018300,30447.0,15248.0,9440.0
36061018400,17105.0,12027.0,6111.0
36061018500,14663.0,9698.0,6567.0
36061018600,7369.0,10743.0,44046.0
36061018700,17899.0,8625.0,5399.0
36061018800,19105.0,11147.0,7441.0
36061018900,23058.0,12940.0,7553.0
36061019000,15852.0,10127.0,4698.0
36061019100,16142.0,10928.0,5600.0
36061019200,9513.0,6473.0,3692.0
36061019300,32207.0,9642.0,5241.0
36061019400,19392.0,11811.0,6806.0
36061019500,41038.0,31155.0,9598.0
36061019600,39760.0,24634.0,11061.0
36061019701,5757.0,3945.0,2347.0
36061019702,5173.0,2868.0,1838.0
36061019800,16886.0,9358.0,6529.0
36061019900,22543.0,12968.0,7574.0
36061020000,18482.0,12127.0,5876.0
36061020101,10491.0,5280.0,2675.0
36061020102,6901.0,4557.0,2116.0
36061020300,33624.0,15910.0,5566.0
36061020500,24734.0,10176.0,4065.0
36061020600,12149.0,6927.0,3875.0
36061020701,4621.0,2937.0,1317.0
36061020800,22320.0,8382.0,7586.0
36061020901,25904.0,11949.0,5184.0
36061021000,5750.0,4407.0,2710.0
36061021100,19739.0,11598.0,7293.0
36061021200,25163.0,18118.0,11359.0
36061021303,13610.0,8006.0,4017.0
36061021400,6766.0,4778.0,2278.0
36061021500,9339.0,6946.0,3406.0
36061021600,29275.0,12091.0,6408.0
36061021703,23984.0,12586.0,2567.0
36061021800,32683.0,24292.0,8833.0
36061021900,23987.0,17296.0,9784.0
36061022000,15278.0,10219.0,4065.0
36061022102,7829.0,5202.0,2555.0
36061022200,49634.0,26978.0,13680.0
36061022301,20469.0,11198.0,7373.0
36061022302,5322.0,3277.0,1494.0
36061022400,17114.0,11337.0,5533.0
36061022500,20121.0,18005.0,10051.0
36061022600,14041.0,9879.0,4990.0
36061022700,15009.0,7367.0,3974.0
36061022800,23214.0,15207.0,6791.0
36061022900,24914.0,12171.0,8144.0
36061023000,20456.0,15708.0,8595.0
36061023100,13911.0,8339.0,3534.0
36061023200,24017.0,18455.0,9581.0
36061023300,16767.0,6798.0,4600.0
36061023400,6854.0,5635.0,3405.0
36061023501,10782.0,6005.0,3436.0
36061023502,7707.0,3696.0,2507.0
36061023600,29088.0,16019.0,21187.0
36061023700,14352.0,8164.0,4070.0
36061023801,12050.0,30792.0,19687.0
36061023802,5343.0,5404.0,3527.0
36061023900,6998.0,4371.0,2524.0
36061024000,12111.0,9115.0,7878.0
36061024100,15610.0,7828.0,5254.0
36061024200,17274.0,12521.0,7138.0
36061024301,7717.0,3885.0,2388.0
36061024302,14677.0,9458.0,4645.0
36061024500,39572.0,19762.0,12103.0
36061024700,12664.0,12282.0,4236.0
36061024900,5649.0,3193.0,1508.0
36061025100,49939.0,21988.0,14998.0
36061025300,22836.0,11512.0,9191.0
36061025500,29130.0,16883.0,11542.0
36061025700,30270.0,16217.0,7592.0
36061025900,13774.0,8613.0,4458.0
36061026100,31037.0,11914.0,11072.0
36061026300,25051.0,12998.0,9067.0
36061026500,23413.0,11174.0,7644.0
36061026700,4289.0,1596.0,1550.0
36061026900,27752.0,12915.0,8265.0
36061027100,25447.0,12396.0,8686.0
36061027300,14184.0,15530.0,12289.0
36061027500,1363.0,749.0,479.0
36061027700,12441.0,6402.0,3909.0
36061027900,20323.0,9579.0,7399.0
36061028100,1947.0,1028.0,711.0
36061028300,15708.0,7042.0,4715.0
36061028500,15819.0,11775.0,7346.0
36061028700,17275.0,7518.0,7831.0
36061029100,22559.0,12053.0,8925.0
36061029300,26050.0,11938.0,9997.0
36061029500,11046.0,6180.0,4126.0
36061029700,8000.0,5626.0,4283.0
36061029900,19168.0,12975.0,9837.0
36061030300,15044.0,12215.0,7053.0
36061030700,4965.0,2568.0,1984.0
36061030900,10883.0,10588.0,6377.0
36061031100,7437.0,4752.0,3923.0
36061031703,83713.0,40467.0,12802.0
36061031704,24316.0,12848.0,7942.0
36061031900,9495.0,2858.0,1057.0
36065025003,1.0,0.0,0.0
36081000100,1577.0,1180.0,1005.0
36081000700,1684.0,1112.0,763.0
36081001900,3204.0,1444.0,705.0
36081002000,173.0,192.0,79.0
36081002400,693.0,430.0,197.0
36081003100,6.0,0.0,1.0
36081003200,458.0,233.0,229.0
36081003300,2206.0,4778.0,2224.0
36081003700,582.0,465.0,459.0
36081003800,5157.0,2114.0,2433.0
36081003900,329.0,259.0,142.0
36081004001,2.0,2.0,0.0
36081004200,1024.0,967.0,361.0
36081004300,2219.0,1685.0,1127.0
36081004401,396.0,353.0,187.0
36081004500,36.0,35.0,104.0
36081004700,73.0,126.0,93.0
36081005500,1.0,1.0,1.0
36081005700,522.0,309.0,233.0
36081005800,2169.0,1535.0,1229.0
36081006202,2013.0,1344.0,944.0
36081006300,8.0,5.0,1.0
36081006501,182.0,104.0,135.0
36081007100,315.0,319.0,241.0
36081007700,194.0,202.0,79.0
36081008300,1402.0,1611.0,780.0
36081008500,0.0,0.0,1.0
36081008600,216.0,115.0,114.0
36081008700,1686.0,1079.0,770.0
36081008800,612.0,534.0,232.0
36081009100,69.0,57.0,12.0
36081009400,75.0,75.0,26.0
36081009500,2362.0,2069.0,1623.0
36081009600,501.0,300.0,190.0
36081009800,131.0,89.0,62.0
36081010000,149.0,113.0,71.0
36081010701,721.0,570.0,736.0
36081010800,1032.0,432.0,314.0
36081011100,196.0,65.0,79.0
36081011200,1137.0,887.0,1464.0
36081011500,929.0,525.0,231.0
36081011600,646.0,387.0,235.0
36081011900,408.0,196.0,206.0
36081012200,297.0,89.0,126.0
36081012301,2309.0,2182.0,1884.0
36081012500,780.0,513.0,341.0
36081012800,680.0,418.0,215.0
36081013600,216.0,79.0,83.0
36081015100,3528.0,6891.0,3844.0
36081015500,329.0,279.0,207.0
36081015600,377.0,240.0,270.0
36081015801,1596.0,1235.0,902.0
36081015802,35.0,50.0,28.0
36081016900,743.0,351.0,474.0
36081017100,601.0,543.0,556.0
36081017200,832.0,874.0,627.0
36081017600,849.0,645.0,487.0
36081018101,81.0,61.0,34.0
36081018102,672.0,477.0,318.0
36081018200,763.0,2581.0,1005.0
36081018402,727.0,726.0,515.0
36081018501,104.0,71.0,52.0
36081018700,298.0,264.0,0.0
36081018800,1354.0,950.0,1201.0
36081018900,686.0,486.0,248.0
36081019900,30.0,19.0,17.0
36081020200,1022.0,725.0,318.0
36081020600,1018.0,966.0,561.0
36081020800,1640.0,1164.0,793.0
36081021200,855.0,522.0,433.0
36081021400,465.0,402.0,292.0
36081021600,1397.0,937.0,637.0
36081022001,8934.0,6132.0,3996.0
36081023200,2956.0,1901.0,667.0
36081024000,2908.0,7470.0,4644.0
36081024300,471.0,367.0,323.0
36081024500,777.0,802.0,561.0
36081024700,375.0,175.0,83.0
36081025100,10267.0,11413.0,1507.0
36081025301,664.0,377.0,299.0
36081025302,632.0,493.0,307.0
36081025400,1519.0,1253.0,523.0
36081026000,1356.0,877.0,654.0
36081026300,1919.0,1354.0,895.0
36081026700,3801.0,3030.0,2571.0
36081026901,379.0,443.0,121.0
36081026902,44.0,136.0,18.0
36081027300,1234.0,864.0,535.0
36081027500,489.0,256.0,0.0
36081027900,5870.0,3367.0,2321.0
36081028300,97.0,31.0,46.0
36081028700,3061.0,2414.0,2091.0
36081028800,248.0,176.0,125.0
36081028900,50.0,44.0,4.0
36081029100,1485.0,1347.0,675.0
36081029300,632.0,740.0,405.0
36081029400,427.0,346.0,81.0
36081029700,360.0,486.0,295.0
36081029900,613.0,367.0,336.0
36081030600,6520.0,3596.0,2995.0
36081030904,1448.0,3028.0,1649.0
36081031700,440.0,338.0,434.0
36081032000,3981.0,5473.0,6044.0
36081032800,771.0,566.0,774.0
36081033100,164738.0,79357.0,38799.0
36081033401,731.0,952.0,625.0
36081033402,9566.0,14425.0,1081.0
36081033900,929.0,687.0,435.0
36081034700,1225.0,812.0,342.0
36081035700,2505.0,1797.0,984.0
36081036100,50.0,10.0,9.0
36081036300,498.0,326.0,290.0
36081036500,1088.0,693.0,425.0
36081037500,1198.0,1078.0,812.0
36081037600,83.0,27.0,0.0
36081038100,921.0,576.0,471.0
36081038302,62939.0,37187.0,31093.0
36081040200,447.0,301.0,224.0
36081040400,2187.0,1658.0,658.0
36081040500,15452.0,10020.0,835.0
36081041500,1026.0,648.0,518.0
36081042600,1492.0,1259.0,1227.0
36081043200,676.0,644.0,322.0
36081043400,1419.0,651.0,406.0
36081043900,682.0,370.0,198.0
36081044000,1474.0,1076.0,762.0
36081044301,1539.0,1546.0,661.0
36081044302,3213.0,2212.0,1108.0
36081044601,2126.0,1133.0,695.0
36081045600,953.0,883.0,391.0
36081046000,59.0,118.0,24.0
36081046200,698.0,672.0,299.0
36081046600,1218.0,1018.0,984.0
36081047500,2566.0,1518.0,1213.0
36081047900,331.0,202.0,139.0
36081048100,651.0,264.0,585.0
36081048200,994.0,831.0,358.0
36081048300,1986.0,1549.0,1089.0
36081049302,783.0,581.0,391.0
36081049900,2312.0,1533.0,1242.0
36081050400,538.0,168.0,200.0
36081050800,961.0,522.0,241.0
36081051100,1018.0,1029.0,1085.0
36081051200,1151.0,993.0,387.0
36081051300,1294.0,752.0,338.0
36081051700,716.0,2828.0,2788.0
36081052100,509.0,352.0,402.0
36081052200,669.0,418.0,402.0
36081053100,5.0,9.0,7.0
36081053401,1125.0,711.0,272.0
36081053500,311.0,211.0,121.0
36081053800,3490.0,806.0,402.0
36081053900,1650.0,915.0,603.0
36081054200,1078.0,1673.0,577.0
36081054900,361.0,476.0,384.0
36081055300,1187.0,646.0,466.0
36081055500,31.0,12.0,118.0
36081055700,644.0,401.0,535.0
36081056100,129.0,119.0,69.0
36081056800,839.0,666.0,438.0
36081057700,418.0,380.0,367.0
36081058000,529.0,972.0,254.0
36081058200,6113.0,8612.0,4599.0
36081058700,484.0,556.0,274.0
36081058900,1416.0,1347.0,672.0
36081059800,606.0,298.0,266.0
36081059900,968.0,464.0,328.0
36081061000,461.0,507.0,352.0
36081061301,864.0,633.0,785.0
36081061400,4552.0,2921.0,2041.0
36081062500,454.0,489.0,387.0
36081062900,1273.0,2464.0,725.0
36081063301,762.0,725.0,338.0
36081063700,24.0,210.0,157.0
36081063800,1108.0,877.0,930.0
36081064102,13220.0,7040.0,7514.0
36081064600,764.0,497.0,397.0
36081065400,5220.0,6601.0,3866.0
36081065900,2294.0,1346.0,648.0
36081066300,3222.0,6485.0,6834.0
36081066400,4147.0,2690.0,2980.0
36081068000,653.0,411.0,180.0
36081068300,14526.0,20647.0,11385.0
36081069300,802.0,681.0,476.0
36081070300,85.0,63.0,0.0
36081070900,474.0,354.0,292.0
36081071100,3261.0,698.0,475.0
36081071305,551.0,569.0,477.0
36081071600,16152.0,6933.0,3809.0
36081071701,334.0,268.0,242.0
36081071900,1287.0,879.0,661.0
36081072100,4132.0,2986.0,1490.0
36081074300,365.0,401.0,306.0
36081074500,1774.0,1179.0,862.0
36081074700,559.0,437.0,369.0
36081075702,1064.0,769.0,433.0
36081076901,282.0,149.0,133.0
36081077300,133.0,51.0,37.0
36081077500,47.0,13.0,17.0
36081077902,458.0,403.0,393.0
36081077903,402.0,329.0,372.0
36081077904,239.0,104.0,59.0
36081077906,565.0,574.0,286.0
36081079200,451.0,377.0,173.0
36081079702,4444.0,3567.0,2581.0
36081080302,360.0,370.0,165.0
36081080900,728.0,442.0,150.0
36081081800,4264.0,1814.0,1840.0
36081084601,528.0,267.0,126.0
36081084602,1484.0,1044.0,684.0
36081084900,118.0,109.0,0.0
36081085300,6.0,2.0,2.0
36081085500,1568.0,1038.0,767.0
36081086400,375.0,278.0,170.0
36081086900,1606.0,669.0,612.0
36081087100,281.0,196.0,190.0
36081088400,1880.0,1398.0,2029.0
36081088901,1794.0,1300.0,1151.0
36081089200,2216.0,1752.0,1039.0
36081090700,840.0,945.0,844.0
36081092200,583.0,484.0,567.0
36081092500,557.0,493.0,339.0
36081092800,4642.0,7003.0,2370.0
36081092900,2465.0,4489.0,4908.0
36081093401,655.0,419.0,377.0
36081093800,2139.0,1446.0,710.0
36081093900,397.0,546.0,421.0
36081094201,437.0,144.0,24.0
36081094202,8225.0,5645.0,3819.0
36081094203,2684.0,1836.0,3446.0
36081094500,1964.0,1555.0,1427.0
36081094700,324.0,359.0,348.0
36081095400,321.0,201.0,224.0
36081096400,2403.0,1490.0,1357.0
36081097203,416.0,235.0,158.0
36081097204,2017.0,1076.0,836.0
36081097300,677.0,958.0,1086.0
36081098100,409.0,309.0,391.0
36081098700,413.0,317.0,384.0
36081099701,1333.0,1251.0,1137.0
36081099704,1401.0,3685.0,1456.0
36081099705,1435.0,1197.0,1159.0
36081099802,795.0,719.0,806.0
36081100801,876.0,526.0,505.0
36081100802,1222.0,777.0,661.0
36081101001,3577.0,2005.0,2135.0
36081101002,271.0,298.0,211.0
36081101700,728.0,484.0,438.0
36081103201,843.0,524.0,318.0
36081103202,85.0,89.0,25.0
36081103300,2.0,1.0,1.0
36081103900,2601.0,1707.0,1080.0
36081104700,1343.0,1360.0,684.0
36081107201,805.0,579.0,692.0
36081107202,496.0,353.0,288.0
36081108500,360.0,256.0,262.0
36081109300,1156.0,935.0,1329.0
36081109700,2136.0,1924.0,420.0
36081109900,674.0,525.0,439.0
36081115900,4.0,6.0,1.0
36081116100,462.0,236.0,155.0
36081116300,215.0,216.0,197.0
36081116700,270.0,94.0,73.0
36081118500,1509.0,3611.0,2584.0
36081118900,0.0,0.0,1.0
36081119500,1427.0,1301.0,821.0
36081121100,1941.0,1949.0,1658.0
36081122701,1012.0,776.0,525.0
36081122702,1581.0,977.0,635.0
36081124700,90.0,59.0,182.0
36081126700,9117.0,1910.0,3186.0
36081128300,2390.0,2326.0,2879.0
36081129104,1356.0,1272.0,936.0
36081134100,528.0,2576.0,1408.0
36081134700,5353.0,3621.0,2644.0
36081136700,625.0,494.0,326.0
36081137700,717.0,571.0,446.0
36081138501,355.0,340.0,290.0
36081140901,594.0,389.0,381.0
36081143500,646.0,340.0,313.0
36081146300,903.0,683.0,572.0
36081146700,3612.0,1225.0,611.0
36081147900,142.0,123.0,145.0
36081148300,1486.0,1327.0,1185.0
36081150701,653.0,324.0,235.0
36081150702,736.0,455.0,281.0
36081152901,1364.0,1416.0,1490.0
36081152902,915.0,2214.0,527.0
36081155102,646.0,447.0,269.0
36081156700,2647.0,2126.0,1495.0
36081157101,329.0,1884.0,1746.0
36081161700,4.0,3.0,6.0
36081162100,800.0,509.0,619.0
36085000300,16928.0,7873.0,5069.0
36085000600,467.0,493.0,297.0
36085000700,559.0,394.0,470.0
36085000800,1474.0,1347.0,1102.0
36085000900,929.0,543.0,447.0
36085001100,462.0,331.0,511.0
36085002002,1456.0,1042.0,1101.0
36085002100,2480.0,1321.0,1335.0
36085002900,1238.0,889.0,367.0
36085003300,346.0,338.0,263.0
36085003600,379.0,244.0,145.0
36085003900,770.0,115.0,175.0
36085004000,8366.0,8121.0,6550.0
36085004700,1191.0,769.0,600.0
36085005000,259.0,271.0,282.0
36085006400,2196.0,8424.0,4876.0
36085006700,23.0,13.0,35.0
36085007000,6162.0,5322.0,4461.0
36085007400,1540.0,1576.0,1183.0
36085007500,3597.0,746.0,355.0
36085007700,1188.0,879.0,654.0
36085008100,1088.0,770.0,467.0
36085009602,886.0,590.0,504.0
36085009700,819.0,575.0,341.0
36085010500,357.0,433.0,370.0
36085011201,441.0,395.0,228.0
36085011202,2066.0,2091.0,2283.0
36085011401,1173.0,1006.0,1160.0
36085011402,135.0,147.0,132.0
36085012100,984.0,720.0,476.0
36085012200,0.0,0.0,1.0
36085012500,2093.0,1460.0,1076.0
36085012804,3610.0,2476.0,2498.0
36085012805,672.0,848.0,731.0
36085012806,3997.0,3128.0,2757.0
36085013201,773.0,872.0,384.0
36085013203,3919.0,3339.0,922.0
36085013204,451.0,362.0,300.0
36085013302,1416.0,1500.0,1083.0
36085013400,4698.0,13212.0,7253.0
36085013800,157.0,85.0,97.0
36085014604,622.0,655.0,463.0
36085014605,2704.0,1593.0,2560.0
36085014606,3201.0,3196.0,3391.0
36085014607,1147.0,876.0,860.0
36085014700,210.0,133.0,295.0
36085015400,7915.0,8683.0,8507.0
36085015601,882.0,664.0,467.0
36085015602,131.0,288.0,189.0
36085015603,1723.0,1788.0,2880.0
36085016901,373.0,305.0,383.0
36085017005,2567.0,1666.0,1837.0
36085017007,2070.0,2531.0,2865.0
36085017008,863.0,613.0,903.0
36085017009,258.0,109.0,112.0
36085017011,423.0,325.0,281.0
36085017012,366.0,231.0,286.0
36085017300,481.0,418.0,291.0
36085017600,7043.0,5936.0,6071.0
36085017700,2398.0,1466.0,1387.0
36085018100,3598.0,2893.0,1551.0
36085018702,801.0,545.0,643.0
36085018901,752.0,849.0,733.0
36085018902,555.0,452.0,445.0
36085019800,7226.0,5644.0,4432.0
36085020100,1216.0,1114.0,1339.0
36085020700,1004.0,985.0,289.0
36085020801,926.0,963.0,1280.0
36085020804,13602.0,27052.0,26627.0
36085021300,394.0,356.0,172.0
36085022300,406.0,241.0,218.0
36085022600,21194.0,17800.0,22467.0
36085022800,4648.0,3077.0,4457.0
36085023100,67.0,38.0,0.0
36085023900,918.0,764.0,607.0
36085024401,8436.0,5457.0,4549.0
36085024402,1936.0,2693.0,4160.0
36085024700,589.0,0.0,0.0
36085024800,1930.0,1880.0,2381.0
36085025100,1164.0,803.0,692.0
36085027301,1156.0,867.0,269.0
36085027302,7614.0,5382.0,6680.0
36085027702,7811.0,3890.0,5002.0
36085027705,75.0,63.0,99.0
36085027706,476.0,549.0,526.0
36085027900,966.0,702.0,1107.0
36085029102,5052.0,3996.0,4055.0
36085029103,7604.0,4956.0,4450.0
36085029104,3288.0,2396.0,2561.0
36085030301,436.0,278.0,441.0
36085030302,740.0,446.0,534.0
36085031901,1029.0,2116.0,1595.0
36085031902,401.0,484.0,261.0
36085032300,2191.0,1517.0,1501.0
36091062508,650.0,462.0,444.0
36103145702,246.0,134.0,135.0
36105950600,8.0,1.0,2.0
36117020800,49.0,22.0,27.0
